Workbook
Name SegmentaciónDeDatos_NOMBRE_DEL_ATLETA: #N/A
Name SegmentaciónDeDatos_PRUEBA: #N/A

Sheet GUIA
G1: MARCAS MINIMAS 2025
A2: EDAD | B2: CATEGORIA | C2: PRUEBAS | E2: ID | F2: EDAD | G2: CATEGORIA | H2: PRUEBAS | I2: FEMENINO | J2: MASCULINO
A3: 10 | B3: INF. A | C3: 50m Libre | E3: =_xlfn.CONCAT(G3,H3) -> INF. A50m Libre | F3: 10 | G3: INF. A | H3: 50m Libre | I3: 0.00046296296 | J3: 0.00043981481
A4: 11 | B4: INF. A | C4: 50m Pecho | E4: =_xlfn.CONCAT(G4,H4) -> INF. A50m Libre | F4: 11 | G4: INF. A | H4: 50m Libre
A5: 12 | B5: INF. B | C5: 50m Mariposa | E5: =_xlfn.CONCAT(G5,H5) -> INF. B50m Libre | F5: 12 | G5: INF. B | H5: 50m Libre
A6: 13 | B6: INF. B | C6: 100m Libre | E6: =_xlfn.CONCAT(G6,H6) -> INF. B50m Libre | F6: 13 | G6: INF. B | H6: 50m Libre
A7: 14 | B7: JUV. A | E7: =_xlfn.CONCAT(G7,H7) -> JUV. A50m Libre | F7: 14 | G7: JUV. A | H7: 50m Libre
A8: 15 | B8: JUV. A | E8: =_xlfn.CONCAT(G8,H8) -> JUV. A50m Libre | F8: 15 | G8: JUV. A | H8: 50m Libre

Sheet BASE DE ATLETAS
A1: AÑO ACTUAL | B1: FECHA DE NACIMIENTO | C1: ATLETA | D1: EDAD | E1: CATEGORIA | F1: SEXO | G1: FECHA INGRESO EQUIPO
A2: =IF(C2=0,"-",YEAR(TODAY())) -> 2025 | B2: 42098 | C2: HECTOR M. | D2: =IF(C2=0,"-",A2-YEAR(B2)) -> 10 | E2: =_xlfn.XLOOKUP(D2,GUIA!A:A,GUIA!B:B,"-") -> INF. A | F2: M
A3: =IF(C3=0,"-",YEAR(TODAY())) -> 2025 | B3: 42236 | C3: LUISA | D3: =IF(C3=0,"-",A3-YEAR(B3)) -> 10 | E3: =_xlfn.XLOOKUP(D3,GUIA!A:A,GUIA!B:B,"-") -> INF. A | F3: F
A4: =IF(C4=0,"-",YEAR(TODAY())) -> 2025 | B4: 41703 | C4: MARIA | D4: =IF(C4=0,"-",A4-YEAR(B4)) -> 11 | E4: =_xlfn.XLOOKUP(D4,GUIA!A:A,GUIA!B:B,"-") -> INF. A | F4: F
A5: =IF(C5=0,"-",YEAR(TODAY())) -> 2025 | B5: 41590 | C5: PEDRO | D5: =IF(C5=0,"-",A5-YEAR(B5)) -> 12 | E5: =_xlfn.XLOOKUP(D5,GUIA!A:A,GUIA!B:B,"-") -> INF. B | F5: M
A6: =IF(C6=0,"-",YEAR(TODAY())) -> 2025 | B6: 40936 | C6: LUNA | D6: =IF(C6=0,"-",A6-YEAR(B6)) -> 13 | E6: =_xlfn.XLOOKUP(D6,GUIA!A:A,GUIA!B:B,"-") -> INF. B | F6: F
A7: =IF(C7=0,"-",YEAR(TODAY())) -> 2025 | B7: 40703 | C7: RAMON | D7: =IF(C7=0,"-",A7-YEAR(B7)) -> 14 | E7: =_xlfn.XLOOKUP(D7,GUIA!A:A,GUIA!B:B,"-") -> JUV. A | F7: M
A8: =IF(C8=0,"-",YEAR(TODAY())) -> 2025 | B8: 40527 | C8: VICENTE | D8: =IF(C8=0,"-",A8-YEAR(B8)) -> 15 | E8: =_xlfn.XLOOKUP(D8,GUIA!A:A,GUIA!B:B,"-") -> JUV. A | F8: M
A9: =IF(C9=0,"-",YEAR(TODAY())) -> 2025 | B9: 42127 | C9: LUIS | D9: =IF(C9=0,"-",A9-YEAR(B9)) -> 10 | E9: =_xlfn.XLOOKUP(D9,GUIA!A:A,GUIA!B:B,"-") -> INF. A | F9: M
A10: =IF(C10=0,"-",YEAR(TODAY())) -> 2025 | B10: 41534 | C10: MARCOS | D10: =IF(C10=0,"-",A10-YEAR(B10)) -> 12 | E10: =_xlfn.XLOOKUP(D10,GUIA!A:A,GUIA!B:B,"-") -> INF. B | F10: M
A11: =IF(C11=0,"-",YEAR(TODAY())) -> 2025 | B11: 40599 | C11: LINDA | D11: =IF(C11=0,"-",A11-YEAR(B11)) -> 14 | E11: =_xlfn.XLOOKUP(D11,GUIA!A:A,GUIA!B:B,"-") -> JUV. A | F11: F

Sheet REPOSITORIO DE TIEMPOS
A1: ID | B1: AÑO EVENTO | C1: FECHA DE NACIMIENTO | D1: ATLETA | E1: EDAD | F1: CATEGORIA | G1: SEXO | H1: FECHA DE EVENTO | I1: EVENTO | J1: PRUEBA | K1: TIEMPO REALIZADO
A2: =_xlfn.CONCAT(Tabla3[[#This Row],[AÑO EVENTO]],Tabla3[[#This Row],[ATLETA]],Tabla3[[#This Row],[EVENTO]],Tabla3[[#This Row],[PRUEBA]]) -> 2025HECTOR M.COPA SUMA50m Libre | B2: =IF(H2=0,"-",TEXT(H2,"YYYY")) -> 2025 | C2: =IF(H2=0,"-",_xlfn.XLOOKUP(D2,'BASE DE ATLETAS'!C:C,'BASE DE ATLETAS'!B:B,"-")) -> 42098 | D2: HECTOR M. | E2: =IF(H2=0,"-",B2-YEAR(C2)) -> 10 | F2: =_xlfn.XLOOKUP(E2,GUIA!A:A,GUIA!B:B,"-") -> INF. A | G2: =IF(D2=0,"-",_xlfn.XLOOKUP(D2,'BASE DE ATLETAS'!C:C,'BASE DE ATLETAS'!F:F,"-")) -> M | H2: 46006 | I2: COPA SUMA | J2: 50m Libre | K2: 0.0009837963
A3: =_xlfn.CONCAT(Tabla3[[#This Row],[AÑO EVENTO]],Tabla3[[#This Row],[ATLETA]],Tabla3[[#This Row],[EVENTO]],Tabla3[[#This Row],[PRUEBA]]) -> 2025LUISACOPA SUMA50m Libre | B3: =IF(H3=0,"-",TEXT(H3,"YYYY")) -> 2025 | C3: =IF(H3=0,"-",_xlfn.XLOOKUP(D3,'BASE DE ATLETAS'!C:C,'BASE DE ATLETAS'!B:B,"-")) -> 42236 | D3: LUISA | E3: =IF(H3=0,"-",B3-YEAR(C3)) -> 10 | F3: =_xlfn.XLOOKUP(E3,GUIA!A:A,GUIA!B:B,"-") -> INF. A | G3: =IF(D3=0,"-",_xlfn.XLOOKUP(D3,'BASE DE ATLETAS'!C:C,'BASE DE ATLETAS'!F:F,"-")) -> F | H3: 46006 | I3: COPA SUMA | J3: 50m Libre | K3: 0.0018582176
A4: =_xlfn.CONCAT(Tabla3[[#This Row],[AÑO EVENTO]],Tabla3[[#This Row],[ATLETA]],Tabla3[[#This Row],[EVENTO]],Tabla3[[#This Row],[PRUEBA]]) -> 2025MARIACOPA SUMA50m Libre | B4: =IF(H4=0,"-",TEXT(H4,"YYYY")) -> 2025 | C4: =IF(H4=0,"-",_xlfn.XLOOKUP(D4,'BASE DE ATLETAS'!C:C,'BASE DE ATLETAS'!B:B,"-")) -> 41703 | D4: MARIA | E4: =IF(H4=0,"-",B4-YEAR(C4)) -> 11 | F4: =_xlfn.XLOOKUP(E4,GUIA!A:A,GUIA!B:B,"-") -> INF. A | G4: =IF(D4=0,"-",_xlfn.XLOOKUP(D4,'BASE DE ATLETAS'!C:C,'BASE DE ATLETAS'!F:F,"-")) -> F | H4: 46006 | I4: COPA SUMA | J4: 50m Libre | K4: 0.0012178241
A5: =_xlfn.CONCAT(Tabla3[[#This Row],[AÑO EVENTO]],Tabla3[[#This Row],[ATLETA]],Tabla3[[#This Row],[EVENTO]],Tabla3[[#This Row],[PRUEBA]]) -> 2025HECTOR M.COPA HECTOR50m Libre | B5: =IF(H5=0,"-",TEXT(H5,"YYYY")) -> 2025 | C5: =IF(H5=0,"-",_xlfn.XLOOKUP(D5,'BASE DE ATLETAS'!C:C,'BASE DE ATLETAS'!B:B,"-")) -> 42098 | D5: HECTOR M. | E5: =IF(H5=0,"-",B5-YEAR(C5)) -> 10 | F5: =_xlfn.XLOOKUP(E5,GUIA!A:A,GUIA!B:B,"-") -> INF. A | G5: =IF(D5=0,"-",_xlfn.XLOOKUP(D5,'BASE DE ATLETAS'!C:C,'BASE DE ATLETAS'!F:F,"-")) -> M | H5: 46006 | I5: COPA HECTOR | J5: 50m Libre | K5: 0.00046423611
A6: =_xlfn.CONCAT(Tabla3[[#This Row],[AÑO EVENTO]],Tabla3[[#This Row],[ATLETA]],Tabla3[[#This Row],[EVENTO]],Tabla3[[#This Row],[PRUEBA]]) -> 2025LUNACOPA SUMA50m Libre | B6: =IF(H6=0,"-",TEXT(H6,"YYYY")) -> 2025 | C6: =IF(H6=0,"-",_xlfn.XLOOKUP(D6,'BASE DE ATLETAS'!C:C,'BASE DE ATLETAS'!B:B,"-")) -> 40936 | D6: LUNA | E6: =IF(H6=0,"-",B6-YEAR(C6)) -> 13 | F6: =_xlfn.XLOOKUP(E6,GUIA!A:A,GUIA!B:B,"-") -> INF. B | G6: =IF(D6=0,"-",_xlfn.XLOOKUP(D6,'BASE DE ATLETAS'!C:C,'BASE DE ATLETAS'!F:F,"-")) -> F | H6: 46006 | I6: COPA SUMA | J6: 50m Libre | K6: 0.00035243056
A7: =_xlfn.CONCAT(Tabla3[[#This Row],[AÑO EVENTO]],Tabla3[[#This Row],[ATLETA]],Tabla3[[#This Row],[EVENTO]],Tabla3[[#This Row],[PRUEBA]]) -> 2025RAMONCOPA SUMA50m Libre | B7: =IF(H7=0,"-",TEXT(H7,"YYYY")) -> 2025 | C7: =IF(H7=0,"-",_xlfn.XLOOKUP(D7,'BASE DE ATLETAS'!C:C,'BASE DE ATLETAS'!B:B,"-")) -> 40703 | D7: RAMON | E7: =IF(H7=0,"-",B7-YEAR(C7)) -> 14 | F7: =_xlfn.XLOOKUP(E7,GUIA!A:A,GUIA!B:B,"-") -> JUV. A | G7: =IF(D7=0,"-",_xlfn.XLOOKUP(D7,'BASE DE ATLETAS'!C:C,'BASE DE ATLETAS'!F:F,"-")) -> M | H7: 46006 | I7: COPA SUMA | J7: 50m Libre | K7: 0.00070081019
A8: =_xlfn.CONCAT(Tabla3[[#This Row],[AÑO EVENTO]],Tabla3[[#This Row],[ATLETA]],Tabla3[[#This Row],[EVENTO]],Tabla3[[#This Row],[PRUEBA]]) -> 2025VICENTECOPA SUMA50m Libre | B8: =IF(H8=0,"-",TEXT(H8,"YYYY")) -> 2025 | C8: =IF(H8=0,"-",_xlfn.XLOOKUP(D8,'BASE DE ATLETAS'!C:C,'BASE DE ATLETAS'!B:B,"-")) -> 40527 | D8: VICENTE | E8: =IF(H8=0,"-",B8-YEAR(C8)) -> 15 | F8: =_xlfn.XLOOKUP(E8,GUIA!A:A,GUIA!B:B,"-") -> JUV. A | G8: =IF(D8=0,"-",_xlfn.XLOOKUP(D8,'BASE DE ATLETAS'!C:C,'BASE DE ATLETAS'!F:F,"-")) -> M | H8: 46006 | I8: COPA SUMA | J8: 50m Libre | K8: 0.00043298611
A9: =_xlfn.CONCAT(Tabla3[[#This Row],[AÑO EVENTO]],Tabla3[[#This Row],[ATLETA]],Tabla3[[#This Row],[EVENTO]],Tabla3[[#This Row],[PRUEBA]]) -> 2025LUISCOPA SUMA50m Libre | B9: =IF(H9=0,"-",TEXT(H9,"YYYY")) -> 2025 | C9: =IF(H9=0,"-",_xlfn.XLOOKUP(D9,'BASE DE ATLETAS'!C:C,'BASE DE ATLETAS'!B:B,"-")) -> 42127 | D9: LUIS | E9: =IF(H9=0,"-",B9-YEAR(C9)) -> 10 | F9: =_xlfn.XLOOKUP(E9,GUIA!A:A,GUIA!B:B,"-") -> INF. A | G9: =IF(D9=0,"-",_xlfn.XLOOKUP(D9,'BASE DE ATLETAS'!C:C,'BASE DE ATLETAS'!F:F,"-")) -> M | H9: 46006 | I9: COPA SUMA | J9: 50m Libre | K9: 0.00053229167

Sheet BUSCADOR DE RESULTADOS
A1: ATLETA | B1: RAMON
A2: PRUEBA | B2: 50m Libre
A3: MEJOR COMPETENCIA | B3: =_xlfn.XLOOKUP(B4,J:J,H:H) -> COPA SUMA
A4: MEJOR TIEMPO | B4: =MIN(J:J) -> 0.00070081019
A7: AÑO EVENTO | B7: FECHA DE NACIMIENTO | C7: ATLETA | D7: EDAD | E7: CATEGORIA | F7: SEXO | G7: FECHA DE EVENTO | H7: EVENTO | I7: PRUEBA | J7: TIEMPO REALIZADO
A8: {=_xlfn._xlws.FILTER(Tabla3[[AÑO EVENTO]:[TIEMPO REALIZADO]],('BUSCADOR DE RESULTADOS'!B1=Tabla3[ATLETA])*('BUSCADOR DE RESULTADOS'!B2=Tabla3[PRUEBA]))} -> 2025 | B8: 40703 | C8: RAMON | D8: 14 | E8: JUV. A | F8: M | G8: 46006 | H8: COPA SUMA | I8: 50m Libre | J8: 0.00070081019

Sheet TIEMPOS COMPARATIVOS
A1: HISTORICO DE TIEMPOS 2025
A2: COMPETENCIAS Y CHEQUEOS
A3: TIEMPOS REALIZADOS
A4: AÑO EVENTO | B4: NOMBRE DEL ATLETA | C4: EDAD | D4: CATEGORIA | E4: SEXO | F4: MEJOR TIEMPO | G4: FECHA EVENTO | H4: PRUEBA | I4: COPA SUMA | J4: COPA HECTOR | K4: ULTIMO TIEMPO | L4: MARCA MINIMA | M4: M.M. - U.T. | N4: VALIDO | O4: MINI GRÁFICO
A5: =IF(Tabla57[[#This Row],[FECHA EVENTO]]=0,"-",TEXT(Tabla57[[#This Row],[FECHA EVENTO]],"YYYY")) -> 2025 | B5: HECTOR M. | C5: =_xlfn.XLOOKUP(_xlfn.CONCAT(Tabla57[[#This Row],[AÑO EVENTO]],Tabla57[[#This Row],[NOMBRE DEL ATLETA]],Tabla57[[#Headers],[COPA SUMA]],Tabla57[[#This Row],[PRUEBA]]),Tabla3[ID],Tabla3[EDAD],"-") -> 10 | D5: =_xlfn.XLOOKUP(C5,GUIA!A:A,GUIA!B:B,"-") -> INF. A | E5: =_xlfn.XLOOKUP(Tabla57[[#This Row],[NOMBRE DEL ATLETA]],Tabla2[ATLETA],Tabla2[SEXO],"-") -> M | F5: =IFERROR(MIN(Tabla57[[#This Row],[COPA SUMA]:[ULTIMO TIEMPO]]),"-") -> 0.00046423611 | G5: 46003 | H5: 50m Libre | I5: =_xlfn.XLOOKUP(_xlfn.CONCAT(Tabla57[[#This Row],[AÑO EVENTO]],Tabla57[[#This Row],[NOMBRE DEL ATLETA]],Tabla57[[#Headers],[COPA SUMA]],Tabla57[[#This Row],[PRUEBA]]),Tabla3[ID],Tabla3[TIEMPO REALIZADO],"-") -> 0.0009837963 | J5: =_xlfn.XLOOKUP(_xlfn.CONCAT(Tabla57[[#This Row],[AÑO EVENTO]],Tabla57[[#This Row],[NOMBRE DEL ATLETA]],Tabla57[[#Headers],[COPA HECTOR]],Tabla57[[#This Row],[PRUEBA]]),Tabla3[ID],Tabla3[TIEMPO REALIZADO],"-") -> 0.00046423611 | K5: =IFERROR(LOOKUP(100000,I5:J5),"-") -> 0.00046423611 | L5: =IF(Tabla57[[#This Row],[SEXO]]="F",_xlfn.XLOOKUP(_xlfn.CONCAT(Tabla57[[#This Row],[CATEGORIA]],Tabla57[[#This Row],[PRUEBA]]),GUIA!E:E,GUIA!I:I),_xlfn.XLOOKUP(_xlfn.CONCAT(Tabla57[[#This Row],[CATEGORIA]],Tabla57[[#This Row],[PRUEBA]]),GUIA!E:E,GUIA!J:J)) -> 0.00043981481 | M5: =IF(Tabla57[[#This Row],[MARCA MINIMA]]-Tabla57[[#This Row],[ULTIMO TIEMPO]]<0,(Tabla57[[#This Row],[MARCA MINIMA]]-Tabla57[[#This Row],[ULTIMO TIEMPO]])*-1,Tabla57[[#This Row],[MARCA MINIMA]]-Tabla57[[#This Row],[ULTIMO TIEMPO]]) -> 2.4421296e-05 | N5: =IF(Tabla57[[#This Row],[MARCA MINIMA]]>Tabla57[[#This Row],[ULTIMO TIEMPO]],"VALIDO","NO Valido") -> NO Valido
A6: =IF(Tabla57[[#This Row],[FECHA EVENTO]]=0,"-",TEXT(Tabla57[[#This Row],[FECHA EVENTO]],"YYYY")) -> 2025 | B6: LUISA | C6: =_xlfn.XLOOKUP(_xlfn.CONCAT(Tabla57[[#This Row],[AÑO EVENTO]],Tabla57[[#This Row],[NOMBRE DEL ATLETA]],Tabla57[[#Headers],[COPA SUMA]],Tabla57[[#This Row],[PRUEBA]]),Tabla3[ID],Tabla3[EDAD],"-") -> 10 | D6: =_xlfn.XLOOKUP(C6,GUIA!A:A,GUIA!B:B,"-") -> INF. A | E6: =_xlfn.XLOOKUP(Tabla57[[#This Row],[NOMBRE DEL ATLETA]],Tabla2[ATLETA],Tabla2[SEXO],"-") -> F | F6: =IFERROR(MIN(Tabla57[[#This Row],[COPA SUMA]:[ULTIMO TIEMPO]]),"-") -> 0.0018582176 | G6: 46003 | H6: 50m Libre | I6: =_xlfn.XLOOKUP(_xlfn.CONCAT(Tabla57[[#This Row],[AÑO EVENTO]],Tabla57[[#This Row],[NOMBRE DEL ATLETA]],Tabla57[[#Headers],[COPA SUMA]],Tabla57[[#This Row],[PRUEBA]]),Tabla3[ID],Tabla3[TIEMPO REALIZADO],"-") -> 0.0018582176 | J6: =_xlfn.XLOOKUP(_xlfn.CONCAT(Tabla57[[#This Row],[AÑO EVENTO]],Tabla57[[#This Row],[NOMBRE DEL ATLETA]],Tabla57[[#Headers],[COPA HECTOR]],Tabla57[[#This Row],[PRUEBA]]),Tabla3[ID],Tabla3[TIEMPO REALIZADO],"-") -> - | K6: =IFERROR(LOOKUP(100000,I6:J6),"-") -> 0.0018582176 | L6: =IF(Tabla57[[#This Row],[SEXO]]="F",_xlfn.XLOOKUP(_xlfn.CONCAT(Tabla57[[#This Row],[CATEGORIA]],Tabla57[[#This Row],[PRUEBA]]),GUIA!E:E,GUIA!I:I),_xlfn.XLOOKUP(_xlfn.CONCAT(Tabla57[[#This Row],[CATEGORIA]],Tabla57[[#This Row],[PRUEBA]]),GUIA!E:E,GUIA!J:J)) -> 0.00046296296 | M6: =IF(Tabla57[[#This Row],[MARCA MINIMA]]-Tabla57[[#This Row],[ULTIMO TIEMPO]]<0,(Tabla57[[#This Row],[MARCA MINIMA]]-Tabla57[[#This Row],[ULTIMO TIEMPO]])*-1,Tabla57[[#This Row],[MARCA MINIMA]]-Tabla57[[#This Row],[ULTIMO TIEMPO]]) -> 0.0013952546 | N6: =IF(Tabla57[[#This Row],[MARCA MINIMA]]>Tabla57[[#This Row],[ULTIMO TIEMPO]],"VALIDO","NO Valido") -> NO Valido
A7: =IF(Tabla57[[#This Row],[FECHA EVENTO]]=0,"-",TEXT(Tabla57[[#This Row],[FECHA EVENTO]],"YYYY")) -> - | C7: =_xlfn.XLOOKUP(_xlfn.CONCAT(Tabla57[[#This Row],[AÑO EVENTO]],Tabla57[[#This Row],[NOMBRE DEL ATLETA]],Tabla57[[#Headers],[COPA SUMA]],Tabla57[[#This Row],[PRUEBA]]),Tabla3[ID],Tabla3[EDAD],"-") -> - | D7: =_xlfn.XLOOKUP(C7,GUIA!A:A,GUIA!B:B,"-") -> - | E7: =_xlfn.XLOOKUP(Tabla57[[#This Row],[NOMBRE DEL ATLETA]],Tabla2[ATLETA],Tabla2[SEXO],"-") -> - | F7: =IFERROR(MIN(Tabla57[[#This Row],[COPA SUMA]:[ULTIMO TIEMPO]]),"-") -> 0 | I7: =_xlfn.XLOOKUP(_xlfn.CONCAT(Tabla57[[#This Row],[AÑO EVENTO]],Tabla57[[#This Row],[NOMBRE DEL ATLETA]],Tabla57[[#Headers],[COPA SUMA]],Tabla57[[#This Row],[PRUEBA]]),Tabla3[ID],Tabla3[TIEMPO REALIZADO],"-") -> - | J7: =_xlfn.XLOOKUP(_xlfn.CONCAT(Tabla57[[#This Row],[AÑO EVENTO]],Tabla57[[#This Row],[NOMBRE DEL ATLETA]],Tabla57[[#Headers],[COPA HECTOR]],Tabla57[[#This Row],[PRUEBA]]),Tabla3[ID],Tabla3[TIEMPO REALIZADO],"-") -> - | K7: =IFERROR(LOOKUP(100000,I7:J7),"-") -> - | L7: =IF(Tabla57[[#This Row],[SEXO]]="F",_xlfn.XLOOKUP(_xlfn.CONCAT(Tabla57[[#This Row],[CATEGORIA]],Tabla57[[#This Row],[PRUEBA]]),GUIA!E:E,GUIA!I:I),_xlfn.XLOOKUP(_xlfn.CONCAT(Tabla57[[#This Row],[CATEGORIA]],Tabla57[[#This Row],[PRUEBA]]),GUIA!E:E,GUIA!J:J)) -> #N/A | M7: =IF(Tabla57[[#This Row],[MARCA MINIMA]]-Tabla57[[#This Row],[ULTIMO TIEMPO]]<0,(Tabla57[[#This Row],[MARCA MINIMA]]-Tabla57[[#This Row],[ULTIMO TIEMPO]])*-1,Tabla57[[#This Row],[MARCA MINIMA]]-Tabla57[[#This Row],[ULTIMO TIEMPO]]) -> #N/A | N7: =IF(Tabla57[[#This Row],[MARCA MINIMA]]>Tabla57[[#This Row],[ULTIMO TIEMPO]],"VALIDO","NO Valido") -> #N/A
A8: =IF(Tabla57[[#This Row],[FECHA EVENTO]]=0,"-",TEXT(Tabla57[[#This Row],[FECHA EVENTO]],"YYYY")) -> - | C8: =_xlfn.XLOOKUP(_xlfn.CONCAT(Tabla57[[#This Row],[AÑO EVENTO]],Tabla57[[#This Row],[NOMBRE DEL ATLETA]],Tabla57[[#Headers],[COPA SUMA]],Tabla57[[#This Row],[PRUEBA]]),Tabla3[ID],Tabla3[EDAD],"-") -> - | D8: =_xlfn.XLOOKUP(C8,GUIA!A:A,GUIA!B:B,"-") -> - | E8: =_xlfn.XLOOKUP(Tabla57[[#This Row],[NOMBRE DEL ATLETA]],Tabla2[ATLETA],Tabla2[SEXO],"-") -> - | F8: =IFERROR(MIN(Tabla57[[#This Row],[COPA SUMA]:[ULTIMO TIEMPO]]),"-") -> 0 | I8: =_xlfn.XLOOKUP(_xlfn.CONCAT(Tabla57[[#This Row],[AÑO EVENTO]],Tabla57[[#This Row],[NOMBRE DEL ATLETA]],Tabla57[[#Headers],[COPA SUMA]],Tabla57[[#This Row],[PRUEBA]]),Tabla3[ID],Tabla3[TIEMPO REALIZADO],"-") -> - | J8: =_xlfn.XLOOKUP(_xlfn.CONCAT(Tabla57[[#This Row],[AÑO EVENTO]],Tabla57[[#This Row],[NOMBRE DEL ATLETA]],Tabla57[[#Headers],[COPA HECTOR]],Tabla57[[#This Row],[PRUEBA]]),Tabla3[ID],Tabla3[TIEMPO REALIZADO],"-") -> - | K8: =IFERROR(LOOKUP(100000,I8:J8),"-") -> - | L8: =IF(Tabla57[[#This Row],[SEXO]]="F",_xlfn.XLOOKUP(_xlfn.CONCAT(Tabla57[[#This Row],[CATEGORIA]],Tabla57[[#This Row],[PRUEBA]]),GUIA!E:E,GUIA!I:I),_xlfn.XLOOKUP(_xlfn.CONCAT(Tabla57[[#This Row],[CATEGORIA]],Tabla57[[#This Row],[PRUEBA]]),GUIA!E:E,GUIA!J:J)) -> #N/A | M8: =IF(Tabla57[[#This Row],[MARCA MINIMA]]-Tabla57[[#This Row],[ULTIMO TIEMPO]]<0,(Tabla57[[#This Row],[MARCA MINIMA]]-Tabla57[[#This Row],[ULTIMO TIEMPO]])*-1,Tabla57[[#This Row],[MARCA MINIMA]]-Tabla57[[#This Row],[ULTIMO TIEMPO]]) -> #N/A | N8: =IF(Tabla57[[#This Row],[MARCA MINIMA]]>Tabla57[[#This Row],[ULTIMO TIEMPO]],"VALIDO","NO Valido") -> #N/A
A9: =IF(Tabla57[[#This Row],[FECHA EVENTO]]=0,"-",TEXT(Tabla57[[#This Row],[FECHA EVENTO]],"YYYY")) -> - | C9: =_xlfn.XLOOKUP(_xlfn.CONCAT(Tabla57[[#This Row],[AÑO EVENTO]],Tabla57[[#This Row],[NOMBRE DEL ATLETA]],Tabla57[[#Headers],[COPA SUMA]],Tabla57[[#This Row],[PRUEBA]]),Tabla3[ID],Tabla3[EDAD],"-") -> - | D9: =_xlfn.XLOOKUP(C9,GUIA!A:A,GUIA!B:B,"-") -> - | E9: =_xlfn.XLOOKUP(Tabla57[[#This Row],[NOMBRE DEL ATLETA]],Tabla2[ATLETA],Tabla2[SEXO],"-") -> - | F9: =IFERROR(MIN(Tabla57[[#This Row],[COPA SUMA]:[ULTIMO TIEMPO]]),"-") -> 0 | I9: =_xlfn.XLOOKUP(_xlfn.CONCAT(Tabla57[[#This Row],[AÑO EVENTO]],Tabla57[[#This Row],[NOMBRE DEL ATLETA]],Tabla57[[#Headers],[COPA SUMA]],Tabla57[[#This Row],[PRUEBA]]),Tabla3[ID],Tabla3[TIEMPO REALIZADO],"-") -> - | J9: =_xlfn.XLOOKUP(_xlfn.CONCAT(Tabla57[[#This Row],[AÑO EVENTO]],Tabla57[[#This Row],[NOMBRE DEL ATLETA]],Tabla57[[#Headers],[COPA HECTOR]],Tabla57[[#This Row],[PRUEBA]]),Tabla3[ID],Tabla3[TIEMPO REALIZADO],"-") -> - | K9: =IFERROR(LOOKUP(100000,I9:J9),"-") -> - | L9: =IF(Tabla57[[#This Row],[SEXO]]="F",_xlfn.XLOOKUP(_xlfn.CONCAT(Tabla57[[#This Row],[CATEGORIA]],Tabla57[[#This Row],[PRUEBA]]),GUIA!E:E,GUIA!I:I),_xlfn.XLOOKUP(_xlfn.CONCAT(Tabla57[[#This Row],[CATEGORIA]],Tabla57[[#This Row],[PRUEBA]]),GUIA!E:E,GUIA!J:J)) -> #N/A | M9: =IF(Tabla57[[#This Row],[MARCA MINIMA]]-Tabla57[[#This Row],[ULTIMO TIEMPO]]<0,(Tabla57[[#This Row],[MARCA MINIMA]]-Tabla57[[#This Row],[ULTIMO TIEMPO]])*-1,Tabla57[[#This Row],[MARCA MINIMA]]-Tabla57[[#This Row],[ULTIMO TIEMPO]]) -> #N/A | N9: =IF(Tabla57[[#This Row],[MARCA MINIMA]]>Tabla57[[#This Row],[ULTIMO TIEMPO]],"VALIDO","NO Valido") -> #N/A
A10: =IF(Tabla57[[#This Row],[FECHA EVENTO]]=0,"-",TEXT(Tabla57[[#This Row],[FECHA EVENTO]],"YYYY")) -> - | C10: =_xlfn.XLOOKUP(_xlfn.CONCAT(Tabla57[[#This Row],[AÑO EVENTO]],Tabla57[[#This Row],[NOMBRE DEL ATLETA]],Tabla57[[#Headers],[COPA SUMA]],Tabla57[[#This Row],[PRUEBA]]),Tabla3[ID],Tabla3[EDAD],"-") -> - | D10: =_xlfn.XLOOKUP(C10,GUIA!A:A,GUIA!B:B,"-") -> - | E10: =_xlfn.XLOOKUP(Tabla57[[#This Row],[NOMBRE DEL ATLETA]],Tabla2[ATLETA],Tabla2[SEXO],"-") -> - | F10: =IFERROR(MIN(Tabla57[[#This Row],[COPA SUMA]:[ULTIMO TIEMPO]]),"-") -> 0 | I10: =_xlfn.XLOOKUP(_xlfn.CONCAT(Tabla57[[#This Row],[AÑO EVENTO]],Tabla57[[#This Row],[NOMBRE DEL ATLETA]],Tabla57[[#Headers],[COPA SUMA]],Tabla57[[#This Row],[PRUEBA]]),Tabla3[ID],Tabla3[TIEMPO REALIZADO],"-") -> - | J10: =_xlfn.XLOOKUP(_xlfn.CONCAT(Tabla57[[#This Row],[AÑO EVENTO]],Tabla57[[#This Row],[NOMBRE DEL ATLETA]],Tabla57[[#Headers],[COPA HECTOR]],Tabla57[[#This Row],[PRUEBA]]),Tabla3[ID],Tabla3[TIEMPO REALIZADO],"-") -> - | K10: =IFERROR(LOOKUP(100000,I10:J10),"-") -> - | L10: =IF(Tabla57[[#This Row],[SEXO]]="F",_xlfn.XLOOKUP(_xlfn.CONCAT(Tabla57[[#This Row],[CATEGORIA]],Tabla57[[#This Row],[PRUEBA]]),GUIA!E:E,GUIA!I:I),_xlfn.XLOOKUP(_xlfn.CONCAT(Tabla57[[#This Row],[CATEGORIA]],Tabla57[[#This Row],[PRUEBA]]),GUIA!E:E,GUIA!J:J)) -> #N/A | M10: =IF(Tabla57[[#This Row],[MARCA MINIMA]]-Tabla57[[#This Row],[ULTIMO TIEMPO]]<0,(Tabla57[[#This Row],[MARCA MINIMA]]-Tabla57[[#This Row],[ULTIMO TIEMPO]])*-1,Tabla57[[#This Row],[MARCA MINIMA]]-Tabla57[[#This Row],[ULTIMO TIEMPO]]) -> #N/A | N10: =IF(Tabla57[[#This Row],[MARCA MINIMA]]>Tabla57[[#This Row],[ULTIMO TIEMPO]],"VALIDO","NO Valido") -> #N/A
A11: =IF(Tabla57[[#This Row],[FECHA EVENTO]]=0,"-",TEXT(Tabla57[[#This Row],[FECHA EVENTO]],"YYYY")) -> - | C11: =_xlfn.XLOOKUP(_xlfn.CONCAT(Tabla57[[#This Row],[AÑO EVENTO]],Tabla57[[#This Row],[NOMBRE DEL ATLETA]],Tabla57[[#Headers],[COPA SUMA]],Tabla57[[#This Row],[PRUEBA]]),Tabla3[ID],Tabla3[EDAD],"-") -> - | D11: =_xlfn.XLOOKUP(C11,GUIA!A:A,GUIA!B:B,"-") -> - | E11: =_xlfn.XLOOKUP(Tabla57[[#This Row],[NOMBRE DEL ATLETA]],Tabla2[ATLETA],Tabla2[SEXO],"-") -> - | F11: =IFERROR(MIN(Tabla57[[#This Row],[COPA SUMA]:[ULTIMO TIEMPO]]),"-") -> 0 | I11: =_xlfn.XLOOKUP(_xlfn.CONCAT(Tabla57[[#This Row],[AÑO EVENTO]],Tabla57[[#This Row],[NOMBRE DEL ATLETA]],Tabla57[[#Headers],[COPA SUMA]],Tabla57[[#This Row],[PRUEBA]]),Tabla3[ID],Tabla3[TIEMPO REALIZADO],"-") -> - | J11: =_xlfn.XLOOKUP(_xlfn.CONCAT(Tabla57[[#This Row],[AÑO EVENTO]],Tabla57[[#This Row],[NOMBRE DEL ATLETA]],Tabla57[[#Headers],[COPA HECTOR]],Tabla57[[#This Row],[PRUEBA]]),Tabla3[ID],Tabla3[TIEMPO REALIZADO],"-") -> - | K11: =IFERROR(LOOKUP(100000,I11:J11),"-") -> - | L11: =IF(Tabla57[[#This Row],[SEXO]]="F",_xlfn.XLOOKUP(_xlfn.CONCAT(Tabla57[[#This Row],[CATEGORIA]],Tabla57[[#This Row],[PRUEBA]]),GUIA!E:E,GUIA!I:I),_xlfn.XLOOKUP(_xlfn.CONCAT(Tabla57[[#This Row],[CATEGORIA]],Tabla57[[#This Row],[PRUEBA]]),GUIA!E:E,GUIA!J:J)) -> #N/A | M11: =IF(Tabla57[[#This Row],[MARCA MINIMA]]-Tabla57[[#This Row],[ULTIMO TIEMPO]]<0,(Tabla57[[#This Row],[MARCA MINIMA]]-Tabla57[[#This Row],[ULTIMO TIEMPO]])*-1,Tabla57[[#This Row],[MARCA MINIMA]]-Tabla57[[#This Row],[ULTIMO TIEMPO]]) -> #N/A | N11: =IF(Tabla57[[#This Row],[MARCA MINIMA]]>Tabla57[[#This Row],[ULTIMO TIEMPO]],"VALIDO","NO Valido") -> #N/A
A12: =IF(Tabla57[[#This Row],[FECHA EVENTO]]=0,"-",TEXT(Tabla57[[#This Row],[FECHA EVENTO]],"YYYY")) -> - | C12: =_xlfn.XLOOKUP(_xlfn.CONCAT(Tabla57[[#This Row],[AÑO EVENTO]],Tabla57[[#This Row],[NOMBRE DEL ATLETA]],Tabla57[[#Headers],[COPA SUMA]],Tabla57[[#This Row],[PRUEBA]]),Tabla3[ID],Tabla3[EDAD],"-") -> - | D12: =_xlfn.XLOOKUP(C12,GUIA!A:A,GUIA!B:B,"-") -> - | E12: =_xlfn.XLOOKUP(Tabla57[[#This Row],[NOMBRE DEL ATLETA]],Tabla2[ATLETA],Tabla2[SEXO],"-") -> - | F12: =IFERROR(MIN(Tabla57[[#This Row],[COPA SUMA]:[ULTIMO TIEMPO]]),"-") -> 0 | I12: =_xlfn.XLOOKUP(_xlfn.CONCAT(Tabla57[[#This Row],[AÑO EVENTO]],Tabla57[[#This Row],[NOMBRE DEL ATLETA]],Tabla57[[#Headers],[COPA SUMA]],Tabla57[[#This Row],[PRUEBA]]),Tabla3[ID],Tabla3[TIEMPO REALIZADO],"-") -> - | J12: =_xlfn.XLOOKUP(_xlfn.CONCAT(Tabla57[[#This Row],[AÑO EVENTO]],Tabla57[[#This Row],[NOMBRE DEL ATLETA]],Tabla57[[#Headers],[COPA HECTOR]],Tabla57[[#This Row],[PRUEBA]]),Tabla3[ID],Tabla3[TIEMPO REALIZADO],"-") -> - | K12: =IFERROR(LOOKUP(100000,I12:J12),"-") -> - | L12: =IF(Tabla57[[#This Row],[SEXO]]="F",_xlfn.XLOOKUP(_xlfn.CONCAT(Tabla57[[#This Row],[CATEGORIA]],Tabla57[[#This Row],[PRUEBA]]),GUIA!E:E,GUIA!I:I),_xlfn.XLOOKUP(_xlfn.CONCAT(Tabla57[[#This Row],[CATEGORIA]],Tabla57[[#This Row],[PRUEBA]]),GUIA!E:E,GUIA!J:J)) -> #N/A | M12: =IF(Tabla57[[#This Row],[MARCA MINIMA]]-Tabla57[[#This Row],[ULTIMO TIEMPO]]<0,(Tabla57[[#This Row],[MARCA MINIMA]]-Tabla57[[#This Row],[ULTIMO TIEMPO]])*-1,Tabla57[[#This Row],[MARCA MINIMA]]-Tabla57[[#This Row],[ULTIMO TIEMPO]]) -> #N/A | N12: =IF(Tabla57[[#This Row],[MARCA MINIMA]]>Tabla57[[#This Row],[ULTIMO TIEMPO]],"VALIDO","NO Valido") -> #N/A
A13: =IF(Tabla57[[#This Row],[FECHA EVENTO]]=0,"-",TEXT(Tabla57[[#This Row],[FECHA EVENTO]],"YYYY")) -> - | C13: =_xlfn.XLOOKUP(_xlfn.CONCAT(Tabla57[[#This Row],[AÑO EVENTO]],Tabla57[[#This Row],[NOMBRE DEL ATLETA]],Tabla57[[#Headers],[COPA SUMA]],Tabla57[[#This Row],[PRUEBA]]),Tabla3[ID],Tabla3[EDAD],"-") -> - | D13: =_xlfn.XLOOKUP(C13,GUIA!A:A,GUIA!B:B,"-") -> - | E13: =_xlfn.XLOOKUP(Tabla57[[#This Row],[NOMBRE DEL ATLETA]],Tabla2[ATLETA],Tabla2[SEXO],"-") -> - | F13: =IFERROR(MIN(Tabla57[[#This Row],[COPA SUMA]:[ULTIMO TIEMPO]]),"-") -> 0 | I13: =_xlfn.XLOOKUP(_xlfn.CONCAT(Tabla57[[#This Row],[AÑO EVENTO]],Tabla57[[#This Row],[NOMBRE DEL ATLETA]],Tabla57[[#Headers],[COPA SUMA]],Tabla57[[#This Row],[PRUEBA]]),Tabla3[ID],Tabla3[TIEMPO REALIZADO],"-") -> - | J13: =_xlfn.XLOOKUP(_xlfn.CONCAT(Tabla57[[#This Row],[AÑO EVENTO]],Tabla57[[#This Row],[NOMBRE DEL ATLETA]],Tabla57[[#Headers],[COPA HECTOR]],Tabla57[[#This Row],[PRUEBA]]),Tabla3[ID],Tabla3[TIEMPO REALIZADO],"-") -> - | K13: =IFERROR(LOOKUP(100000,I13:J13),"-") -> - | L13: =IF(Tabla57[[#This Row],[SEXO]]="F",_xlfn.XLOOKUP(_xlfn.CONCAT(Tabla57[[#This Row],[CATEGORIA]],Tabla57[[#This Row],[PRUEBA]]),GUIA!E:E,GUIA!I:I),_xlfn.XLOOKUP(_xlfn.CONCAT(Tabla57[[#This Row],[CATEGORIA]],Tabla57[[#This Row],[PRUEBA]]),GUIA!E:E,GUIA!J:J)) -> #N/A | M13: =IF(Tabla57[[#This Row],[MARCA MINIMA]]-Tabla57[[#This Row],[ULTIMO TIEMPO]]<0,(Tabla57[[#This Row],[MARCA MINIMA]]-Tabla57[[#This Row],[ULTIMO TIEMPO]])*-1,Tabla57[[#This Row],[MARCA MINIMA]]-Tabla57[[#This Row],[ULTIMO TIEMPO]]) -> #N/A | N13: =IF(Tabla57[[#This Row],[MARCA MINIMA]]>Tabla57[[#This Row],[ULTIMO TIEMPO]],"VALIDO","NO Valido") -> #N/A
A14: =IF(Tabla57[[#This Row],[FECHA EVENTO]]=0,"-",TEXT(Tabla57[[#This Row],[FECHA EVENTO]],"YYYY")) -> - | C14: =_xlfn.XLOOKUP(_xlfn.CONCAT(Tabla57[[#This Row],[AÑO EVENTO]],Tabla57[[#This Row],[NOMBRE DEL ATLETA]],Tabla57[[#Headers],[COPA SUMA]],Tabla57[[#This Row],[PRUEBA]]),Tabla3[ID],Tabla3[EDAD],"-") -> - | D14: =_xlfn.XLOOKUP(C14,GUIA!A:A,GUIA!B:B,"-") -> - | E14: =_xlfn.XLOOKUP(Tabla57[[#This Row],[NOMBRE DEL ATLETA]],Tabla2[ATLETA],Tabla2[SEXO],"-") -> - | F14: =IFERROR(MIN(Tabla57[[#This Row],[COPA SUMA]:[ULTIMO TIEMPO]]),"-") -> 0 | I14: =_xlfn.XLOOKUP(_xlfn.CONCAT(Tabla57[[#This Row],[AÑO EVENTO]],Tabla57[[#This Row],[NOMBRE DEL ATLETA]],Tabla57[[#Headers],[COPA SUMA]],Tabla57[[#This Row],[PRUEBA]]),Tabla3[ID],Tabla3[TIEMPO REALIZADO],"-") -> - | J14: =_xlfn.XLOOKUP(_xlfn.CONCAT(Tabla57[[#This Row],[AÑO EVENTO]],Tabla57[[#This Row],[NOMBRE DEL ATLETA]],Tabla57[[#Headers],[COPA HECTOR]],Tabla57[[#This Row],[PRUEBA]]),Tabla3[ID],Tabla3[TIEMPO REALIZADO],"-") -> - | K14: =IFERROR(LOOKUP(100000,I14:J14),"-") -> - | L14: =IF(Tabla57[[#This Row],[SEXO]]="F",_xlfn.XLOOKUP(_xlfn.CONCAT(Tabla57[[#This Row],[CATEGORIA]],Tabla57[[#This Row],[PRUEBA]]),GUIA!E:E,GUIA!I:I),_xlfn.XLOOKUP(_xlfn.CONCAT(Tabla57[[#This Row],[CATEGORIA]],Tabla57[[#This Row],[PRUEBA]]),GUIA!E:E,GUIA!J:J)) -> #N/A | M14: =IF(Tabla57[[#This Row],[MARCA MINIMA]]-Tabla57[[#This Row],[ULTIMO TIEMPO]]<0,(Tabla57[[#This Row],[MARCA MINIMA]]-Tabla57[[#This Row],[ULTIMO TIEMPO]])*-1,Tabla57[[#This Row],[MARCA MINIMA]]-Tabla57[[#This Row],[ULTIMO TIEMPO]]) -> #N/A | N14: =IF(Tabla57[[#This Row],[MARCA MINIMA]]>Tabla57[[#This Row],[ULTIMO TIEMPO]],"VALIDO","NO Valido") -> #N/A
